,precision,recall,f1-score,support
3,0.0,0.0,0.0,1.0
4,0.07142857142857142,0.058823529411764705,0.06451612903225806,17.0
5,0.6596858638743456,0.6461538461538462,0.6528497409326425,195.0
6,0.5721153846153846,0.595,0.5833333333333334,200.0
7,0.4406779661016949,0.4262295081967213,0.43333333333333335,61.0
8,0.16666666666666666,0.16666666666666666,0.16666666666666666,6.0
accuracy,0.56875,0.56875,0.56875,0.56875
macro avg,0.3184290754477772,0.3154789250714998,0.3167832005497057,480.0
weighted avg,0.5669947125522155,0.56875,0.5677134868237785,480.0
