,precision,recall,f1-score,support
3,0.0,0.0,0.0,1.0
4,0.06666666666666667,0.058823529411764705,0.0625,17.0
5,0.6310160427807486,0.6051282051282051,0.6178010471204188,195.0
6,0.5480769230769231,0.57,0.5588235294117647,200.0
7,0.4918032786885246,0.4918032786885246,0.4918032786885246,61.0
8,0.14285714285714285,0.16666666666666666,0.15384615384615385,6.0
accuracy,0.55,0.55,0.55,0.55
macro avg,0.31340334234500095,0.31540361331586014,0.3141290015111437,480.0
weighted avg,0.5513624773918891,0.55,0.5504614312373157,480.0
